-- phpMyAdmin SQL Dump
-- version 4.8.3
-- https://www.phpmyadmin.net/
--
-- Host: localhost:3306
-- Generation Time: May 23, 2019 at 08:36 PM
-- Server version: 10.2.24-MariaDB
-- PHP Version: 7.2.7

SET SQL_MODE = "NO_AUTO_VALUE_ON_ZERO";
SET AUTOCOMMIT = 0;
START TRANSACTION;
SET time_zone = "+00:00";


/*!40101 SET @OLD_CHARACTER_SET_CLIENT=@@CHARACTER_SET_CLIENT */;
/*!40101 SET @OLD_CHARACTER_SET_RESULTS=@@CHARACTER_SET_RESULTS */;
/*!40101 SET @OLD_COLLATION_CONNECTION=@@COLLATION_CONNECTION */;
/*!40101 SET NAMES utf8mb4 */;

--
-- Database: `dastaanorg_base`
--

-- --------------------------------------------------------

--
-- Table structure for table `branch`
--

CREATE TABLE `branch` (
  `id` int(10) UNSIGNED NOT NULL,
  `Name` varchar(40) NOT NULL,
  `AccountNumber` varchar(40) NOT NULL
) ENGINE=InnoDB DEFAULT CHARSET=utf8;

-- --------------------------------------------------------

--
-- Table structure for table `classattendance`
--

CREATE TABLE `classattendance` (
  `id` int(11) NOT NULL,
  `Subject` int(10) UNSIGNED NOT NULL,
  `Student` int(10) UNSIGNED NOT NULL,
  `RegNo` int(10) UNSIGNED DEFAULT NULL,
  `Class` int(10) UNSIGNED DEFAULT NULL,
  `Stream` int(10) UNSIGNED DEFAULT NULL,
  `Attended` varchar(40) DEFAULT NULL,
  `Date` date DEFAULT NULL
) ENGINE=InnoDB DEFAULT CHARSET=utf8;

--
-- Dumping data for table `classattendance`
--

INSERT INTO `classattendance` (`id`, `Subject`, `Student`, `RegNo`, `Class`, `Stream`, `Attended`, `Date`) VALUES
(1, 1, 1, 1, 1, 1, '1', '2018-07-22');

-- --------------------------------------------------------

--
-- Table structure for table `classes`
--

CREATE TABLE `classes` (
  `id` int(11) NOT NULL,
  `Name` varchar(40) NOT NULL
) ENGINE=InnoDB DEFAULT CHARSET=utf8;

-- --------------------------------------------------------

--
-- Table structure for table `cms_queries`
--

CREATE TABLE `cms_queries` (
  `id` int(11) NOT NULL,
  `name` varchar(255) NOT NULL,
  `email` varchar(255) NOT NULL,
  `phone` bigint(20) NOT NULL,
  `subject` varchar(255) NOT NULL,
  `message` text NOT NULL,
  `updated_at` datetime DEFAULT NULL,
  `created_at` datetime NOT NULL DEFAULT current_timestamp(),
  `status` tinyint(4) NOT NULL DEFAULT 1 COMMENT '1: Non-Answered 2: Answered'
) ENGINE=MyISAM DEFAULT CHARSET=latin1;

-- --------------------------------------------------------

--
-- Table structure for table `events`
--

CREATE TABLE `events` (
  `id` int(11) NOT NULL,
  `Name` varchar(40) NOT NULL,
  `Date` date NOT NULL,
  `Details` text NOT NULL
) ENGINE=InnoDB DEFAULT CHARSET=utf8;

-- --------------------------------------------------------

--
-- Table structure for table `examcategories`
--

CREATE TABLE `examcategories` (
  `id` int(11) NOT NULL,
  `Name` varchar(40) NOT NULL
) ENGINE=InnoDB DEFAULT CHARSET=utf8;

-- --------------------------------------------------------

--
-- Table structure for table `examresults`
--

CREATE TABLE `examresults` (
  `id` int(11) NOT NULL,
  `student` int(10) UNSIGNED NOT NULL,
  `RegNo` int(10) UNSIGNED DEFAULT NULL,
  `Class` int(10) UNSIGNED DEFAULT NULL,
  `Stream` int(10) UNSIGNED DEFAULT NULL,
  `Category` int(10) UNSIGNED DEFAULT NULL,
  `Subject` int(10) UNSIGNED DEFAULT NULL,
  `Marks` int(11) NOT NULL,
  `Term` int(10) UNSIGNED NOT NULL,
  `AcademicYear` int(10) UNSIGNED DEFAULT NULL
) ENGINE=InnoDB DEFAULT CHARSET=utf8;

-- --------------------------------------------------------

--
-- Table structure for table `feescollection`
--

CREATE TABLE `feescollection` (
  `id` int(11) NOT NULL,
  `Student` int(10) UNSIGNED NOT NULL,
  `Class` int(10) UNSIGNED DEFAULT NULL,
  `Session` int(10) UNSIGNED NOT NULL,
  `PaidAmount` int(11) NOT NULL,
  `Balance` int(10) UNSIGNED DEFAULT NULL,
  `Branch` int(10) UNSIGNED NOT NULL,
  `Date` date DEFAULT NULL,
  `Remarks` varchar(40) DEFAULT NULL
) ENGINE=InnoDB DEFAULT CHARSET=utf8;

-- --------------------------------------------------------

--
-- Table structure for table `hostels`
--

CREATE TABLE `hostels` (
  `id` int(11) NOT NULL,
  `Name` varchar(40) NOT NULL,
  `Status` varchar(40) NOT NULL
) ENGINE=InnoDB DEFAULT CHARSET=utf8;

-- --------------------------------------------------------

--
-- Table structure for table `membership_grouppermissions`
--

CREATE TABLE `membership_grouppermissions` (
  `permissionID` int(11) NOT NULL,
  `groupID` int(11) DEFAULT NULL,
  `tableName` varchar(100) DEFAULT NULL,
  `allowInsert` tinyint(4) DEFAULT NULL,
  `allowView` tinyint(4) NOT NULL DEFAULT 0,
  `allowEdit` tinyint(4) NOT NULL DEFAULT 0,
  `allowDelete` tinyint(4) NOT NULL DEFAULT 0
) ENGINE=InnoDB DEFAULT CHARSET=utf8;

--
-- Dumping data for table `membership_grouppermissions`
--

INSERT INTO `membership_grouppermissions` (`permissionID`, `groupID`, `tableName`, `allowInsert`, `allowView`, `allowEdit`, `allowDelete`) VALUES
(1, 2, 'students', 1, 3, 3, 3),
(2, 2, 'feescollection', 1, 3, 3, 3),
(3, 2, 'branch', 1, 3, 3, 3),
(4, 2, 'teachers', 1, 3, 3, 3),
(5, 2, 'subjects', 1, 3, 3, 3),
(6, 2, 'classes', 1, 3, 3, 3),
(7, 2, 'streams', 1, 3, 3, 3),
(8, 2, 'hostels', 1, 3, 3, 3),
(9, 2, 'timetable', 1, 3, 3, 3),
(10, 2, 'events', 1, 3, 3, 3),
(11, 2, 'notices', 1, 3, 3, 3),
(12, 2, 'examresults', 1, 3, 3, 3),
(13, 2, 'parents', 1, 3, 3, 3),
(14, 2, 'examcategories', 1, 3, 3, 3),
(15, 2, 'sessions', 1, 3, 3, 3),
(16, 2, 'studentcategories', 1, 3, 3, 3),
(17, 2, 'classattendance', 1, 3, 3, 3),
(18, 2, 'fee_structure', 1, 3, 3, 3),
(19, 2, 'fee_structure', 1, 3, 3, 3),
(20, 2, 'fee_structure', 1, 3, 3, 3),
(21, 2, 'schoolmoney', 1, 3, 3, 3),
(40, 3, 'students', 0, 3, 0, 0),
(41, 3, 'feescollection', 0, 3, 0, 0),
(42, 3, 'branch', 1, 3, 0, 0),
(43, 3, 'teachers', 0, 3, 0, 0),
(44, 3, 'subjects', 0, 3, 0, 0),
(45, 3, 'classes', 0, 3, 0, 0),
(46, 3, 'streams', 0, 3, 0, 0),
(47, 3, 'hostels', 0, 3, 0, 0),
(48, 3, 'timetable', 0, 3, 0, 0),
(49, 3, 'events', 1, 3, 0, 0),
(50, 3, 'notices', 0, 3, 0, 0),
(51, 3, 'examresults', 0, 3, 0, 0),
(52, 3, 'parents', 0, 3, 0, 0),
(53, 3, 'examcategories', 0, 3, 0, 0),
(54, 3, 'sessions', 0, 3, 0, 0),
(55, 3, 'studentcategories', 0, 3, 0, 0),
(56, 3, 'classattendance', 0, 3, 0, 0),
(57, 3, 'schoolmoney', 0, 3, 0, 0);

-- --------------------------------------------------------

--
-- Table structure for table `membership_groups`
--

CREATE TABLE `membership_groups` (
  `groupID` int(11) NOT NULL,
  `name` varchar(20) DEFAULT NULL,
  `description` text DEFAULT NULL,
  `allowSignup` tinyint(4) DEFAULT NULL,
  `needsApproval` tinyint(4) DEFAULT NULL
) ENGINE=InnoDB DEFAULT CHARSET=utf8;

--
-- Dumping data for table `membership_groups`
--

INSERT INTO `membership_groups` (`groupID`, `name`, `description`, `allowSignup`, `needsApproval`) VALUES
(1, 'anonymous', 'Anonymous group created automatically on 2018-05-02', 0, 0),
(2, 'Admins', 'Admin group created automatically on 2018-05-02', 0, 1),
(3, 'users', 'all test users', 1, 0);

-- --------------------------------------------------------

--
-- Table structure for table `membership_userpermissions`
--

CREATE TABLE `membership_userpermissions` (
  `permissionID` int(11) NOT NULL,
  `memberID` varchar(20) NOT NULL,
  `tableName` varchar(100) DEFAULT NULL,
  `allowInsert` tinyint(4) DEFAULT NULL,
  `allowView` tinyint(4) NOT NULL DEFAULT 0,
  `allowEdit` tinyint(4) NOT NULL DEFAULT 0,
  `allowDelete` tinyint(4) NOT NULL DEFAULT 0
) ENGINE=InnoDB DEFAULT CHARSET=utf8;

-- --------------------------------------------------------

--
-- Table structure for table `membership_userrecords`
--

CREATE TABLE `membership_userrecords` (
  `recID` bigint(20) NOT NULL,
  `tableName` varchar(100) DEFAULT NULL,
  `pkValue` varchar(255) DEFAULT NULL,
  `memberID` varchar(20) DEFAULT NULL,
  `dateAdded` bigint(20) UNSIGNED DEFAULT NULL,
  `dateUpdated` bigint(20) UNSIGNED DEFAULT NULL,
  `groupID` int(11) DEFAULT NULL
) ENGINE=InnoDB DEFAULT CHARSET=utf8;

-- --------------------------------------------------------

--
-- Table structure for table `membership_users`
--

CREATE TABLE `membership_users` (
  `id` int(11) NOT NULL,
  `merchantID` int(11) NOT NULL DEFAULT 0,
  `memberID` varchar(20) NOT NULL,
  `passMD5` varchar(40) DEFAULT NULL,
  `email` varchar(100) DEFAULT NULL,
  `signupDate` date DEFAULT NULL,
  `groupID` int(10) UNSIGNED DEFAULT NULL,
  `isBanned` tinyint(4) DEFAULT NULL,
  `isApproved` tinyint(4) DEFAULT NULL,
  `custom1` text DEFAULT NULL,
  `custom2` text DEFAULT NULL,
  `custom3` text DEFAULT NULL,
  `custom4` text DEFAULT NULL,
  `comments` text DEFAULT NULL,
  `pass_reset_key` varchar(100) DEFAULT NULL,
  `pass_reset_expiry` int(10) UNSIGNED DEFAULT NULL
) ENGINE=InnoDB DEFAULT CHARSET=utf8;

--
-- Dumping data for table `membership_users`
--

INSERT INTO `membership_users` (`id`, `merchantID`, `memberID`, `passMD5`, `email`, `signupDate`, `groupID`, `isBanned`, `isApproved`, `custom1`, `custom2`, `custom3`, `custom4`, `comments`, `pass_reset_key`, `pass_reset_expiry`) VALUES
(1, 0, 'admin', 'e10adc3949ba59abbe56e057f20f883e', 'shahrukhusmaani@gmail.com', '2019-05-23', 2, 0, 1, NULL, NULL, NULL, NULL, 'Admin member created automatically on 2018-05-02\nRecord updated automatically on 2018-05-03', NULL, NULL),
(5, 0, 'guest', NULL, NULL, '2019-05-23', 1, 0, 1, NULL, NULL, NULL, NULL, 'Anonymous member created automatically on 2019-05-23', NULL, NULL);

-- --------------------------------------------------------

--
-- Table structure for table `notices`
--

CREATE TABLE `notices` (
  `id` int(10) UNSIGNED NOT NULL,
  `Name` varchar(40) NOT NULL,
  `Date` date NOT NULL,
  `Details` text NOT NULL,
  `Posted_By` varchar(40) DEFAULT NULL
) ENGINE=InnoDB DEFAULT CHARSET=utf8;

-- --------------------------------------------------------

--
-- Table structure for table `parents`
--

CREATE TABLE `parents` (
  `id` int(10) UNSIGNED NOT NULL,
  `Name` varchar(40) NOT NULL,
  `Phone` varchar(40) NOT NULL,
  `Email` varchar(80) DEFAULT NULL,
  `HomeAddress` varchar(40) DEFAULT NULL
) ENGINE=InnoDB DEFAULT CHARSET=utf8;

-- --------------------------------------------------------

--
-- Table structure for table `schoolmoney`
--

CREATE TABLE `schoolmoney` (
  `id` int(10) UNSIGNED NOT NULL,
  `Class` int(10) UNSIGNED NOT NULL,
  `Particulars` text NOT NULL,
  `Total` decimal(10,2) NOT NULL
) ENGINE=InnoDB DEFAULT CHARSET=utf8;

-- --------------------------------------------------------

--
-- Table structure for table `sessions`
--

CREATE TABLE `sessions` (
  `id` int(10) UNSIGNED NOT NULL,
  `Year` varchar(40) NOT NULL,
  `Term` varchar(40) NOT NULL,
  `status` varchar(40) DEFAULT NULL
) ENGINE=InnoDB DEFAULT CHARSET=utf8;

-- --------------------------------------------------------

--
-- Table structure for table `streams`
--

CREATE TABLE `streams` (
  `id` int(10) UNSIGNED NOT NULL,
  `Name` varchar(40) NOT NULL
) ENGINE=InnoDB DEFAULT CHARSET=utf8;

-- --------------------------------------------------------

--
-- Table structure for table `studentcategories`
--

CREATE TABLE `studentcategories` (
  `id` int(10) UNSIGNED NOT NULL,
  `Name` varchar(40) NOT NULL
) ENGINE=InnoDB DEFAULT CHARSET=utf8;

-- --------------------------------------------------------

--
-- Table structure for table `students`
--

CREATE TABLE `students` (
  `id` int(11) NOT NULL,
  `FullName` varchar(40) NOT NULL,
  `Gender` varchar(40) NOT NULL,
  `DOB` date NOT NULL,
  `Photo` varchar(40) DEFAULT NULL,
  `RegNo` varchar(40) NOT NULL,
  `Class` int(10) UNSIGNED NOT NULL,
  `Stream` int(10) UNSIGNED DEFAULT NULL,
  `Hostel` int(10) UNSIGNED DEFAULT NULL,
  `DOJ` date NOT NULL,
  `Category` int(10) UNSIGNED DEFAULT NULL,
  `AcademicYear` int(10) UNSIGNED NOT NULL,
  `TotalFees` int(10) UNSIGNED NOT NULL,
  `AdvanceFees` int(11) NOT NULL,
  `Balance` int(11) DEFAULT NULL,
  `Parent` int(10) UNSIGNED DEFAULT NULL
) ENGINE=InnoDB DEFAULT CHARSET=utf8;

-- --------------------------------------------------------

--
-- Table structure for table `subjects`
--

CREATE TABLE `subjects` (
  `id` int(10) NOT NULL,
  `Name` varchar(40) NOT NULL
) ENGINE=InnoDB DEFAULT CHARSET=utf8;

-- --------------------------------------------------------

--
-- Table structure for table `teachers`
--

CREATE TABLE `teachers` (
  `id` int(10) NOT NULL,
  `Name` varchar(40) NOT NULL,
  `Gender` varchar(40) NOT NULL,
  `Age` int(11) NOT NULL,
  `Phone` varchar(40) NOT NULL,
  `Email` varchar(80) DEFAULT NULL,
  `StaffNumber` int(11) NOT NULL
) ENGINE=InnoDB DEFAULT CHARSET=utf8;

-- --------------------------------------------------------

--
-- Table structure for table `timetable`
--

CREATE TABLE `timetable` (
  `id` int(10) NOT NULL,
  `Time_Table` varchar(40) NOT NULL,
  `Class` int(10) UNSIGNED NOT NULL,
  `Stream` int(10) UNSIGNED DEFAULT NULL
) ENGINE=InnoDB DEFAULT CHARSET=utf8;

--
-- Indexes for dumped tables
--

--
-- Indexes for table `branch`
--
ALTER TABLE `branch`
  ADD PRIMARY KEY (`id`);

--
-- Indexes for table `classattendance`
--
ALTER TABLE `classattendance`
  ADD PRIMARY KEY (`id`),
  ADD KEY `Subject` (`Subject`),
  ADD KEY `Student` (`Student`);

--
-- Indexes for table `classes`
--
ALTER TABLE `classes`
  ADD PRIMARY KEY (`id`);

--
-- Indexes for table `cms_queries`
--
ALTER TABLE `cms_queries`
  ADD PRIMARY KEY (`id`);

--
-- Indexes for table `events`
--
ALTER TABLE `events`
  ADD PRIMARY KEY (`id`);

--
-- Indexes for table `examcategories`
--
ALTER TABLE `examcategories`
  ADD PRIMARY KEY (`id`);

--
-- Indexes for table `examresults`
--
ALTER TABLE `examresults`
  ADD PRIMARY KEY (`id`),
  ADD KEY `student` (`student`),
  ADD KEY `Category` (`Category`),
  ADD KEY `Subject` (`Subject`),
  ADD KEY `Term` (`Term`);

--
-- Indexes for table `feescollection`
--
ALTER TABLE `feescollection`
  ADD PRIMARY KEY (`id`),
  ADD KEY `Student` (`Student`),
  ADD KEY `Session` (`Session`),
  ADD KEY `Branch` (`Branch`);

--
-- Indexes for table `hostels`
--
ALTER TABLE `hostels`
  ADD PRIMARY KEY (`id`);

--
-- Indexes for table `membership_grouppermissions`
--
ALTER TABLE `membership_grouppermissions`
  ADD PRIMARY KEY (`permissionID`);

--
-- Indexes for table `membership_groups`
--
ALTER TABLE `membership_groups`
  ADD PRIMARY KEY (`groupID`);

--
-- Indexes for table `membership_userpermissions`
--
ALTER TABLE `membership_userpermissions`
  ADD PRIMARY KEY (`permissionID`);

--
-- Indexes for table `membership_userrecords`
--
ALTER TABLE `membership_userrecords`
  ADD PRIMARY KEY (`recID`),
  ADD UNIQUE KEY `tableName_pkValue` (`tableName`,`pkValue`),
  ADD KEY `pkValue` (`pkValue`),
  ADD KEY `tableName` (`tableName`),
  ADD KEY `memberID` (`memberID`),
  ADD KEY `groupID` (`groupID`);

--
-- Indexes for table `membership_users`
--
ALTER TABLE `membership_users`
  ADD PRIMARY KEY (`id`),
  ADD KEY `groupID` (`groupID`);

--
-- Indexes for table `notices`
--
ALTER TABLE `notices`
  ADD PRIMARY KEY (`id`);

--
-- Indexes for table `parents`
--
ALTER TABLE `parents`
  ADD PRIMARY KEY (`id`);

--
-- Indexes for table `schoolmoney`
--
ALTER TABLE `schoolmoney`
  ADD PRIMARY KEY (`id`);

--
-- Indexes for table `sessions`
--
ALTER TABLE `sessions`
  ADD PRIMARY KEY (`id`);

--
-- Indexes for table `streams`
--
ALTER TABLE `streams`
  ADD PRIMARY KEY (`id`);

--
-- Indexes for table `studentcategories`
--
ALTER TABLE `studentcategories`
  ADD PRIMARY KEY (`id`);

--
-- Indexes for table `students`
--
ALTER TABLE `students`
  ADD PRIMARY KEY (`id`);

--
-- Indexes for table `subjects`
--
ALTER TABLE `subjects`
  ADD PRIMARY KEY (`id`);

--
-- Indexes for table `teachers`
--
ALTER TABLE `teachers`
  ADD PRIMARY KEY (`id`);

--
-- Indexes for table `timetable`
--
ALTER TABLE `timetable`
  ADD PRIMARY KEY (`id`);

--
-- AUTO_INCREMENT for dumped tables
--

--
-- AUTO_INCREMENT for table `branch`
--
ALTER TABLE `branch`
  MODIFY `id` int(10) UNSIGNED NOT NULL AUTO_INCREMENT;

--
-- AUTO_INCREMENT for table `classattendance`
--
ALTER TABLE `classattendance`
  MODIFY `id` int(11) NOT NULL AUTO_INCREMENT, AUTO_INCREMENT=2;

--
-- AUTO_INCREMENT for table `cms_queries`
--
ALTER TABLE `cms_queries`
  MODIFY `id` int(11) NOT NULL AUTO_INCREMENT;

--
-- AUTO_INCREMENT for table `events`
--
ALTER TABLE `events`
  MODIFY `id` int(11) NOT NULL AUTO_INCREMENT, AUTO_INCREMENT=2;

--
-- AUTO_INCREMENT for table `examcategories`
--
ALTER TABLE `examcategories`
  MODIFY `id` int(11) NOT NULL AUTO_INCREMENT;

--
-- AUTO_INCREMENT for table `examresults`
--
ALTER TABLE `examresults`
  MODIFY `id` int(11) NOT NULL AUTO_INCREMENT;

--
-- AUTO_INCREMENT for table `feescollection`
--
ALTER TABLE `feescollection`
  MODIFY `id` int(11) NOT NULL AUTO_INCREMENT, AUTO_INCREMENT=4;

--
-- AUTO_INCREMENT for table `hostels`
--
ALTER TABLE `hostels`
  MODIFY `id` int(11) NOT NULL AUTO_INCREMENT, AUTO_INCREMENT=3;

--
-- AUTO_INCREMENT for table `membership_groups`
--
ALTER TABLE `membership_groups`
  MODIFY `groupID` int(11) NOT NULL AUTO_INCREMENT, AUTO_INCREMENT=4;

--
-- AUTO_INCREMENT for table `membership_userpermissions`
--
ALTER TABLE `membership_userpermissions`
  MODIFY `permissionID` int(11) NOT NULL AUTO_INCREMENT;

--
-- AUTO_INCREMENT for table `membership_userrecords`
--
ALTER TABLE `membership_userrecords`
  MODIFY `recID` bigint(20) NOT NULL AUTO_INCREMENT;

--
-- AUTO_INCREMENT for table `membership_users`
--
ALTER TABLE `membership_users`
  MODIFY `id` int(11) NOT NULL AUTO_INCREMENT, AUTO_INCREMENT=6;

--
-- AUTO_INCREMENT for table `notices`
--
ALTER TABLE `notices`
  MODIFY `id` int(10) UNSIGNED NOT NULL AUTO_INCREMENT, AUTO_INCREMENT=2;

--
-- AUTO_INCREMENT for table `parents`
--
ALTER TABLE `parents`
  MODIFY `id` int(10) UNSIGNED NOT NULL AUTO_INCREMENT, AUTO_INCREMENT=2;

--
-- AUTO_INCREMENT for table `schoolmoney`
--
ALTER TABLE `schoolmoney`
  MODIFY `id` int(10) UNSIGNED NOT NULL AUTO_INCREMENT;

--
-- AUTO_INCREMENT for table `sessions`
--
ALTER TABLE `sessions`
  MODIFY `id` int(10) UNSIGNED NOT NULL AUTO_INCREMENT, AUTO_INCREMENT=2;

--
-- AUTO_INCREMENT for table `streams`
--
ALTER TABLE `streams`
  MODIFY `id` int(10) UNSIGNED NOT NULL AUTO_INCREMENT, AUTO_INCREMENT=3;

--
-- AUTO_INCREMENT for table `studentcategories`
--
ALTER TABLE `studentcategories`
  MODIFY `id` int(10) UNSIGNED NOT NULL AUTO_INCREMENT, AUTO_INCREMENT=2;

--
-- AUTO_INCREMENT for table `students`
--
ALTER TABLE `students`
  MODIFY `id` int(11) NOT NULL AUTO_INCREMENT;

--
-- AUTO_INCREMENT for table `subjects`
--
ALTER TABLE `subjects`
  MODIFY `id` int(10) NOT NULL AUTO_INCREMENT, AUTO_INCREMENT=3;

--
-- AUTO_INCREMENT for table `teachers`
--
ALTER TABLE `teachers`
  MODIFY `id` int(10) NOT NULL AUTO_INCREMENT;

--
-- AUTO_INCREMENT for table `timetable`
--
ALTER TABLE `timetable`
  MODIFY `id` int(10) NOT NULL AUTO_INCREMENT;
COMMIT;

/*!40101 SET CHARACTER_SET_CLIENT=@OLD_CHARACTER_SET_CLIENT */;
/*!40101 SET CHARACTER_SET_RESULTS=@OLD_CHARACTER_SET_RESULTS */;
/*!40101 SET COLLATION_CONNECTION=@OLD_COLLATION_CONNECTION */;
